,西雅图,青鸟,不老不死,铄金,警察蜀黍,,地势坤,万神,4399,饭姐,多情岸,买买买,玫瑰,斯莱特林,饭圈小姐,九九,达拉,钥匙,APP,复仇生涯,赤伶,天下局,如见青山,四零四,勾指,罗德岛,肮脏的神,桂圆,上山岗,男孩,权御,冠世,祖龙吟,木兰行,流年,白石溪,非人哉,不买,大时代,逃亡生涯,普通,万古
20191201,0,0,742838,925433,974306,953094,821297,0,0,0,0,0,0,0,0,7959722,6819290,928796,0,961754,0,0,0,0,4001420,792671,0,735853,0,777023,6214301,4795620,0,0,0,0,969960,0,0,970160,9204309,0,
20191202,0,0,743957,925661,974480,953930,822599,0,0,0,870383,0,0,0,0,7962108,6821170,928926,0,962316,0,0,0,0,4005420,793067,0,736211,0,777351,6215686,4798204,0,0,0,0,970199,0,0,970390,9209701,0,
20191203,0,0,745148,925933,974676,954810,823961,0,0,0,870557,0,0,0,0,7964395,6822950,929074,0,962937,0,0,0,0,4009262,793487,0,736636,0,777670,6217022,4800747,0,0,0,0,970423,0,0,970630,9215305,0,
20191204,0,0,748267,926199,974828,955555,825271,0,0,0,870708,0,0,0,0,7966712,6824780,929192,0,963611,0,0,0,0,4013070,793958,0,737100,0,778054,6218336,4803501,0,0,0,0,970595,0,0,970912,9220085,0,
20191205,0,0,750272,926424,974969,956296,826365,0,0,0,870863,0,0,0,0,7968762,6826478,929320,0,964247,0,0,0,0,4016335,794360,0,737529,0,778347,6219481,4805779,0,0,0,0,970781,0,0,971160,9223982,0,
20191206,0,0,753214,926717,975195,957483,827793,0,0,0,871077,0,0,0,0,7971698,6828690,929468,0,965154,0,0,0,0,4020749,794926,0,737925,0,778743,6221120,4808976,0,0,0,0,971103,0,0,971479,9229043,0,
20191207,0,0,757288,927166,975497,959602,830161,0,0,0,871418,0,0,0,0,7976082,6831711,929774,0,966728,0,0,0,0,4027798,795893,0,738550,0,779320,6223667,4813752,0,0,0,0,971573,0,0,972010,9236416,0,
20191208,0,0,760476,927612,975749,962018,832673,0,0,0,871734,0,0,0,0,7979941,6834723,930061,0,968566,0,0,0,0,4035036,796857,0,739215,0,780033,6225973,4818367,0,0,0,0,971976,0,0,972762,9243307,0,
20191209,0,0,762181,927898,975936,962975,834164,0,0,0,871951,0,0,0,0,7982621,6837039,930221,0,969461,0,0,0,0,4039592,797361,0,739633,0,780444,6227453,4821545,0,0,0,0,972202,0,0,973206,9247810,0,
20191210,0,0,763686,928111,976065,963680,835771,0,0,0,872233,0,0,0,0,7984956,6838981,930355,0,970235,0,0,0,0,4043652,797780,0,740059,0,780771,6228801,4824337,0,0,0,0,972414,0,0,973597,9251896,0,
20191211,0,0,765397,928370,976205,964426,837567,0,0,0,872530,0,0,0,0,7987353,6840999,930490,0,971048,0,0,0,0,4047586,798158,0,740471,0,781109,6230290,4827218,0,0,0,0,972647,0,0,973975,9256044,0,
20191212,0,0,766827,928675,976362,965056,839077,0,0,0,872732,0,0,0,0,7989630,6842732,930638,0,971651,0,0,0,0,4051294,798553,0,740847,0,781461,6231628,4829810,0,0,0,0,972851,0,0,974264,9259814,0,
20191213,0,0,768613,929005,976568,965925,841027,0,0,0,873020,0,0,0,0,7992507,6844813,930797,0,972456,0,0,0,0,4056335,799060,0,741349,0,781837,6233338,4832968,0,0,0,0,973161,0,0,974635,9264521,0,
20191214,0,0,771135,929518,976861,967350,843759,0,0,0,874431,0,0,0,0,7996777,6847560,931097,0,974010,0,0,0,0,4063575,799981,0,742105,0,782422,6235976,4837567,0,0,0,0,973644,0,0,975246,9272369,0,
20191215,0,0,773551,930084,977295,968671,846365,0,0,0,875939,0,0,0,0,8001459,6850512,931375,0,975516,0,0,0,0,4071166,800921,0,742806,0,783059,6238741,4842452,0,0,0,0,974085,0,0,975932,9280508,0,
20191216,0,0,774670,930299,977499,969116,847442,0,0,0,876525,0,0,0,0,8003774,6851994,931477,0,976080,0,0,0,0,4074574,801296,0,743088,0,783318,6240046,4844869,0,0,0,0,974276,0,0,976173,9284273,0,
20191218,0,0,777196,930887,978023,970305,850554,0,0,0,877495,0,0,0,0,8009104,6856043,931740,0,977337,0,0,0,0,4083197,802242,0,743860,0,783945,6243064,4851004,0,0,0,0,974722,0,0,976790,9294963,0,
20191219,0,0,778439,931131,978195,970820,851900,0,0,0,877796,0,0,0,0,8011390,6857807,931899,0,977959,0,0,0,0,4086805,802695,0,744181,0,784215,6244457,4853984,0,0,0,0,974889,0,0,977063,9299904,0,
20191220,0,0,780092,931493,978470,971489,853489,0,0,0,878210,0,0,0,0,8014398,6859932,932140,0,978923,0,0,0,0,4091213,803297,0,744595,0,784550,6246298,4857764,0,0,0,0,975138,0,0,977443,9305365,0,
20191221,0,0,782571,931987,978773,972685,855838,0,0,0,878863,0,0,0,0,8018610,6862803,932586,0,980337,0,0,0,0,4098456,804202,0,745449,0,785111,6248976,4862700,0,0,0,0,975491,0,0,978042,9313265,0,
20191222,0,0,785187,932528,979132,980486,858255,0,0,0,879398,0,0,0,0,8023087,6869995,933055,0,982162,0,0,0,0,4114764,808890,0,746871,0,786846,6251825,4867636,0,0,0,0,975857,0,0,978653,9336301,0,
20191223,0,0,786561,932873,979343,983678,859652,0,0,0,879676,0,0,0,0,8025937,6874734,933235,0,982988,0,0,0,0,4126452,811214,0,747854,478464,787809,6253442,4870602,0,0,0,0,976034,0,0,979085,9347925,0,
20191224,0,0,787522,933121,979516,985785,860830,0,0,0,879917,0,0,0,0,8028301,6878289,933368,0,983717,0,0,0,0,4136425,812648,0,748527,589949,788552,6254772,4873109,0,0,0,0,976196,0,0,979406,9355981,0,
20191225,0,0,789766,933459,979683,987314,862126,0,0,0,880168,0,0,0,0,8030809,6880994,933526,0,984410,0,0,0,0,4144762,813572,0,749294,643695,789255,6256222,4875819,0,0,0,0,976382,0,0,979746,9362139,0,
20191226,0,0,793132,933847,979882,988683,864400,0,0,0,880423,0,0,0,0,8033479,6883484,933703,0,985086,0,0,0,0,4150747,814325,0,749966,675354,789838,6257739,4878764,0,0,0,0,976546,0,0,980059,9367472,0,
20191227,0,0,797257,934183,980129,990277,888412,0,0,0,880712,0,0,0,0,8036503,6886068,934111,0,986027,0,0,0,0,4157126,815220,0,750554,707995,790530,6259583,4883233,0,0,0,0,976756,0,0,980469,9372915,0,
20191228,0,0,802125,934771,980529,994515,896045,0,0,0,881170,0,0,0,0,8040803,6889186,934820,0,987486,0,0,0,0,4165311,816475,0,751308,753720,791616,6262172,4889047,0,0,0,0,977121,0,0,981049,9380887,0,
20191229,0,0,806345,935281,980856,997484,899202,0,0,0,881597,0,0,0,0,8044909,6892309,935563,0,988705,0,0,0,0,4173560,817568,0,752143,791687,792603,6265011,4894671,0,0,0,0,977605,0,0,981585,9388836,0,
20191230,0,0,808939,935689,981078,1000039,904009,0,0,0,881892,0,0,0,0,8048136,6894790,935865,0,989548,0,0,0,0,4179987,818205,0,752794,805554,793201,6266973,4898474,0,0,0,0,977846,0,0,981964,9394863,0,
20191231,0,0,811814,936173,981292,0,910502,0,0,0,882245,0,0,0,0,8052350,6897754,936246,0,990804,0,0,0,0,4187437,819257,0,753721,820665,793953,6269198,4903116,0,0,0,0,978115,0,0,982471,9401883,0,
20200101,0,0,815065,936708,981523,0,954641,0,0,0,882647,0,0,0,0,8057715,6901667,936669,0,992500,0,0,0,0,4195883,820322,0,754831,836000,794824,6272136,4908233,0,0,0,0,978448,0,0,983112,9410630,0,
20200102,0,0,816689,937070,981699,0,961894,0,0,0,882931,0,0,0,0,8061199,6904622,936869,0,993346,0,0,0,0,4202227,821069,0,755476,844996,795469,6274000,4912151,0,0,0,0,978670,0,0,983516,9417574,0,
20200103,0,0,818586,937436,981913,0,966219,0,0,0,883267,0,0,0,0,8065204,6907821,937183,0,994426,0,0,0,0,4208870,821818,0,756110,854097,796051,6276074,4916241,0,0,0,0,978919,0,0,983995,9425483,0,
20200104,0,0,821026,937796,982438,0,969955,0,0,0,883596,0,0,0,0,8069247,6911038,937612,0,997102,0,0,0,0,4216254,822643,0,756832,862940,796760,6278439,4920209,0,0,0,0,979232,0,0,984842,9433348,0,
20200106,0,0,825289,938677,983418,0,975485,0,0,0,884242,0,0,0,0,8077404,6917211,938413,0,1008120,0,0,0,0,4230316,824206,0,758559,885437,798223,6282879,4927763,0,0,0,0,988958,0,0,987769,9448799,0,
20200107,0,0,826844,939016,983725,0,977378,0,0,0,884482,0,0,0,0,8080444,6920045,938673,0,0,0,0,0,0,4237928,825314,0,759276,899247,798799,6284582,4930828,0,0,0,0,996945,0,0,988455,9456103,0,
20200108,0,0,828521,939391,984034,0,979315,0,0,0,884719,0,0,0,0,8083460,6922444,938942,0,0,0,0,0,0,4244064,826091,0,759902,909913,799302,6286269,4933797,0,0,0,0,999147,0,0,989078,9462807,0,
20200109,0,0,830332,939768,984360,0,981513,0,0,0,885030,0,0,0,0,8086974,6925225,939262,0,0,0,0,0,0,4251071,826833,0,760597,920214,799829,6288436,4937284,0,0,0,0,1008613,0,0,989755,9470372,0,
20200110,0,0,832219,940079,984665,0,983515,0,0,0,885296,0,0,0,0,8090145,6927506,939549,0,0,0,0,0,0,4257307,827444,0,761293,928642,800261,6290237,4940506,0,0,0,0,1010346,0,0,990470,9476557,0,
20200111,0,0,834479,940468,985787,0,986043,0,0,0,885610,0,0,0,0,8094028,6930351,939938,0,0,0,0,0,0,4265700,828323,0,762047,938443,800837,6292629,4944547,0,0,0,0,0,0,0,991365,9484539,0,
20200112,0,0,836534,940898,986405,0,988178,0,0,0,885908,0,0,0,0,8097637,6932867,940293,0,0,0,0,0,0,4273398,829152,0,762700,947448,801428,6294946,4948342,0,0,0,0,0,0,0,992231,9491966,0,
20200113,0,0,838380,941289,986999,0,1030033,0,0,0,886223,0,0,0,0,8101201,6935351,940627,0,0,0,0,0,0,4280761,829863,0,763418,955198,801923,6297029,4952535,0,0,0,0,0,0,0,992937,9499096,0,
20200114,0,0,839984,941658,987411,0,1037203,0,0,0,886441,0,0,0,0,8105436,6937452,940921,0,0,0,0,0,0,4287280,830557,0,764096,961345,802367,6300318,4957920,0,0,0,0,0,0,0,993490,9505422,0,
20200115,0,0,841887,942015,987772,0,1039754,0,0,0,886694,0,0,0,0,8111340,6939983,941293,0,0,0,0,0,0,4295532,831324,0,764950,968155,802950,6304151,4965452,0,0,0,0,0,0,0,994251,9512693,0,
20200116,0,0,843729,942354,988138,0,1041662,0,0,0,887006,0,0,0,0,8124034,6942640,941599,0,0,0,0,0,0,4303815,832137,0,765832,975433,803533,6309069,4983158,0,0,0,0,0,0,0,994958,9520139,0,
20200117,0,0,845611,942791,988502,0,0,0,0,0,887296,0,0,0,0,8143392,6945790,941937,0,0,534546,0,0,0,4312716,833141,0,766978,984062,804154,6323637,5008884,0,0,0,0,0,0,0,995809,9528464,0,
20200118,0,0,847580,943144,988881,0,0,0,0,0,887613,0,0,0,0,8157204,6948896,942227,0,0,540835,0,0,0,4322102,834078,0,768092,992056,804780,6333642,5027280,0,0,0,0,0,0,0,997565,9536196,0,
20200119,0,0,849631,943509,989313,0,0,0,0,0,887980,0,0,0,0,8165215,6951839,942564,0,0,547764,0,0,0,4331563,834923,0,769672,1000720,805390,6339087,5038527,0,0,0,0,0,0,0,999529,9544074,0,
20200120,0,0,851744,944098,989803,0,0,0,0,0,888362,0,0,0,0,8172602,6954975,942959,0,0,553892,0,0,0,4341450,835799,0,771193,0,806037,6343667,5049500,0,0,0,0,0,0,0,1008965,9553034,0,
20200121,0,0,853626,944427,990161,0,0,0,0,0,888707,0,0,0,0,8178734,6957600,943312,0,0,559030,0,0,0,4349798,836623,0,772915,0,806682,6347397,5057972,0,0,0,0,0,0,0,0,9561684,0,
20200122,950610,0,855563,944899,990541,0,0,0,0,0,889025,0,0,0,0,8185182,6960398,943786,0,0,564482,0,0,0,4358106,837437,0,774570,0,807357,6351062,5066004,0,0,0,0,0,0,0,0,9570740,0,
20200123,950881,0,857320,945292,990893,0,0,0,0,0,889314,0,0,0,0,8191119,6963002,944269,0,0,569821,0,0,0,4366080,838181,0,776145,0,807930,6354690,5075441,0,0,0,0,0,0,0,0,9579522,0,
20200124,951045,0,858841,945663,991168,0,0,0,0,0,889591,0,0,0,0,8198584,6965579,944696,0,0,574634,0,0,0,4373761,838826,0,777815,0,808361,6358464,5093499,0,0,0,0,0,0,0,0,9587282,0,
20200125,951189,0,860267,945970,991539,0,0,0,0,0,889981,0,0,0,0,8222170,6968020,945136,0,0,579836,0,0,0,4380951,839442,0,780896,0,808844,6372427,5142135,0,0,358881,0,0,0,0,0,9595390,1418113,
20200126,951402,0,861707,946262,991867,0,0,0,0,0,890339,0,0,0,0,8240703,6971545,945557,0,0,584095,0,0,0,4389172,840211,0,782946,0,809487,6382000,5177108,0,0,526913,0,0,0,0,0,9608248,2290595,
20200127,951583,0,863097,946531,992247,0,0,0,0,0,890659,0,0,0,0,8254491,6975179,946029,0,0,587935,0,0,0,4397448,840907,0,784898,0,810063,6389490,5201913,0,0,636207,0,0,0,0,0,9619722,2742111,
20200128,951833,0,864584,946788,992627,0,0,0,0,0,890960,0,0,0,0,8266130,6978758,946435,0,0,592061,0,0,0,4405880,841652,0,786452,0,810758,6395832,5223124,0,0,714816,0,0,0,0,0,9630060,3028152,
20200129,952180,0,866079,947132,993062,0,0,0,0,0,891231,0,0,0,0,8276403,6982858,946926,0,0,596451,0,0,0,4415459,842419,0,787736,0,811457,6401332,5240869,0,0,782268,0,0,0,0,0,9640696,3275439,
20200130,952485,0,867445,947479,993400,0,0,0,0,0,891608,0,0,0,0,8285357,6987006,947404,0,0,600883,0,0,0,4424367,843162,0,788997,0,812085,6406099,5255675,0,0,854378,0,0,0,0,0,9651288,3485879,
20200131,952943,0,868842,947828,993763,0,0,0,0,0,891914,518188,0,0,0,8294209,6991091,947877,0,0,605112,0,0,0,4433661,844041,0,790528,0,812878,6410901,5271419,0,0,912175,0,0,0,0,0,9661906,3687078,
20200201,953382,0,870250,948183,994149,0,0,0,0,0,892202,524532,0,0,0,8302528,6995143,948296,0,0,608914,0,0,0,4443092,845179,0,791992,0,813782,6415563,5284699,0,0,952787,0,0,0,0,0,9672466,3870100,
20200202,953823,0,871762,948692,994588,0,0,0,0,0,892533,528836,0,0,0,8310725,6999779,948732,0,0,612633,0,0,0,4452708,846221,0,793755,0,814767,6419938,5297270,0,0,987505,0,0,0,0,0,9683241,4041726,
20200203,954325,0,873161,954172,994959,0,0,0,0,0,892876,532361,0,0,0,8318316,7004351,949158,0,0,616791,0,0,0,4462295,847190,0,795295,0,816149,6423969,5308201,0,0,1020891,0,0,0,0,0,9694111,4199142,
20200204,954723,527891,874468,955731,995408,0,0,0,0,0,893225,535215,0,0,0,8325300,7008455,949571,0,0,621025,1255982,0,0,4471074,847952,0,796881,0,817084,6427854,5318737,0,0,1050215,0,0,0,0,0,9704898,4355645,
20200205,955088,530369,875819,957808,995797,0,0,0,0,0,893549,538243,0,0,0,8332231,7012055,949930,0,0,625037,1258648,0,0,4479784,848776,0,798368,0,817953,6431694,5328524,0,0,1073838,0,0,0,0,0,9715518,4505395,
20200206,955507,532744,877241,959067,996124,0,0,0,0,0,893886,540685,0,0,0,8338776,7015906,950293,0,0,629222,1261424,0,518849,4488512,849431,0,799653,0,818592,6435133,5337287,0,0,1090522,0,0,0,882658,0,9725907,4634862,
20200207,955985,535058,878544,960128,996485,0,0,0,0,0,894204,543027,0,0,0,8345030,7019839,950642,0,0,633313,1264195,0,520219,4497174,850155,0,800902,0,819144,6438804,5346210,0,0,1105505,0,0,0,883322,0,9736533,4756624,
20200208,956552,537577,879876,961101,997067,0,0,0,0,0,894553,545087,0,0,0,8351164,7023672,951026,0,0,637109,1266853,0,521343,4505855,850966,0,802330,0,819718,6442038,5353787,0,0,1119407,0,0,0,883878,0,9747129,4877930,
20200209,957012,539837,881342,961845,997845,0,0,0,0,0,894914,547071,0,0,0,8356856,7027337,951364,0,0,640586,1269381,0,522713,4514122,851683,0,803602,0,820538,6445095,5361253,0,0,1130695,0,0,0,884500,0,9757870,4919678,
20200210,957431,542023,882863,962644,998475,0,0,0,0,0,895293,550982,0,0,0,8362383,7030730,951684,0,0,644251,1271945,0,524039,4522703,852601,0,804883,0,821173,6448155,5369889,0,0,1141551,0,0,0,885020,0,9769915,4951790,
20200211,957836,544256,884400,963527,999113,0,0,0,0,0,895663,557555,0,0,0,8367890,7034199,952013,0,0,647673,1274607,0,525483,4530824,853345,0,806153,0,821857,6450971,5379564,0,0,1151711,0,0,511946,885553,0,9781075,4980841,
20200212,958370,546341,886013,964261,1000597,0,0,0,0,0,896105,563938,0,0,0,8373300,7037703,952401,0,0,651192,1277025,0,526780,4538850,854146,0,807601,0,822639,6453963,5388460,0,0,1161453,0,0,728073,886189,0,9791378,5009446,
20200213,958854,548488,887643,965032,1001214,0,0,0,0,0,896508,566836,0,0,0,8378357,7041345,952749,0,0,654625,1279543,0,528224,4548720,854997,0,809049,0,823574,6456735,5396272,0,0,1170420,0,0,777069,886903,0,9801955,5034267,
20200214,959443,550752,889425,965855,1001727,0,0,0,0,0,896943,568927,0,0,0,8383377,7044935,953107,0,0,658158,1282224,0,529538,4559806,855833,0,810489,0,824467,6459487,5403393,0,0,1178986,0,0,798442,887521,0,9812264,5057450,
20200215,960020,552804,891013,966563,0,0,0,0,0,0,897320,570982,0,0,0,8388818,7048430,953483,0,0,661900,1285180,0,531110,4569743,856630,0,811812,0,825248,6462329,5410115,0,0,1187641,0,0,814862,888044,0,9822154,5083015,
20200216,960485,554900,892658,967426,0,0,0,0,0,0,897678,572756,0,0,0,8394301,7051919,953813,0,0,665272,1287713,0,532637,4579277,857369,0,813094,0,825933,6465205,5416963,0,0,1196535,0,0,827802,888536,0,9833032,5107696,
20200217,960928,556873,894331,968109,0,0,0,0,0,0,897941,574095,0,0,0,8399789,7055238,954149,0,0,668578,1290166,0,534035,4588645,858222,0,814578,0,826615,6468054,5424087,0,0,1205164,0,0,836802,889032,0,9844035,5131334,
20200218,961367,558947,895954,968916,0,0,0,0,0,0,898244,575492,0,0,0,8405791,7061197,954609,0,0,672980,1292670,0,535502,4599112,859272,0,816451,0,827341,6470971,5431400,0,0,1212435,0,0,844605,889622,0,9926480,5152974,
20200219,962109,561004,898090,970873,0,0,0,0,0,0,898605,576788,0,0,0,8417822,7071296,955220,0,0,677868,1295343,0,537153,4611082,860998,0,819725,0,828522,6474767,5439287,0,0,1219412,0,0,851134,890377,0,10140737,5174702,
20200220,962625,562995,899937,971992,0,0,0,0,0,0,898929,577924,0,0,0,8434113,7076568,955746,0,0,683078,1297994,0,538567,4620509,861980,0,821951,0,829414,6478623,5446934,0,0,1226063,0,0,856557,891021,0,0,5194634,
20200221,963164,565036,901893,973032,0,0,0,0,0,0,899270,579024,0,0,0,8445720,7083554,956384,0,0,688427,1300670,0,540011,4631021,862825,0,823962,0,830377,6482120,5454223,0,0,1232434,0,0,861651,891606,0,0,5214984,
20200222,963708,567012,903604,974025,0,0,0,4000473,0,0,899644,0,0,0,0,8455235,7088414,956951,0,0,692292,1303205,0,541212,4639967,863645,0,825826,0,831267,6485358,5461295,0,0,1238435,0,0,865858,892129,0,0,5234263,
20200223,964351,568980,905331,975068,0,0,0,4005101,0,0,900033,0,0,0,0,8464314,7092167,957472,0,0,696303,1305616,0,542488,4650651,864390,0,827437,0,832318,6488526,5468158,0,0,1244915,0,0,869584,892554,0,0,5252441,
20200224,964971,570871,907127,976514,0,0,0,4010148,0,0,900398,0,0,0,0,8474141,7106686,958113,0,0,700202,1308128,0,543948,4666749,866372,0,829516,0,833706,6491939,5475798,0,0,1251211,0,0,873841,893112,0,0,5271075,
20200225,965461,572764,908993,977697,0,0,0,4014538,0,0,900722,0,0,0,0,8483308,7114708,958569,0,0,704835,1310930,0,545228,4679276,867595,0,831106,0,834979,6495057,5482840,0,0,1257075,0,0,887289,893584,0,0,5288559,
20200226,966140,574829,910832,978715,0,0,0,4018774,0,0,901120,0,0,0,0,8491661,7121667,959003,0,0,709123,1313583,0,546575,4690969,868600,0,832655,0,836044,6498210,5489154,0,0,1262673,0,0,897518,894050,0,0,5304461,
20200227,966782,576759,912669,979928,0,0,0,4022957,0,0,901508,0,0,0,0,8499388,7126090,959393,0,0,712947,1315901,0,547851,4700452,869436,0,834051,0,837072,6501112,5495242,0,0,1268075,0,0,903667,894490,0,0,5319908,
20200228,967506,578691,914479,981424,0,0,0,4026988,0,0,901863,0,0,0,0,8507102,7130031,959803,0,0,716582,1318592,0,549363,4709261,870077,0,835407,0,838106,6504003,5501262,0,0,1273348,0,0,908977,894927,0,0,5334392,
20200229,968145,580517,916398,983529,0,0,0,4031012,0,0,902242,0,0,0,0,8514105,7133968,960430,0,0,720567,1321545,0,550983,4718044,870746,0,836831,0,839054,6506853,5506991,0,0,1278259,0,0,915975,895333,0,0,5349048,
20200301,968645,582196,918623,985552,0,0,0,4035068,0,0,902594,0,0,0,0,8521279,7137816,961140,0,0,724254,1324276,0,552454,4728550,871393,0,838416,0,839751,6509769,5513249,0,0,1283214,0,0,921048,895735,0,0,5364307,
20200302,969179,583936,921363,987120,0,0,0,4039065,0,0,903020,0,0,0,0,8528232,7142012,962052,0,0,728091,1326902,0,553909,4739937,872050,0,839840,0,840440,6512448,5519344,0,0,1287710,0,0,924855,896121,0,0,5378528,
20200303,970142,585514,923887,1006538,0,0,0,4044986,0,0,903547,0,0,0,0,8613445,7145827,962894,0,0,732620,1329533,0,555333,4749817,872652,0,841798,0,841026,6534816,5526651,0,0,1292270,0,0,928793,896551,0,0,5394275,
20200304,971100,587000,926098,0,0,0,0,4050513,0,0,903929,0,0,0,0,8682934,7149517,963675,0,0,737703,1332153,0,556757,4758987,873312,0,843476,0,841747,6547841,5534628,0,0,1296688,0,0,932355,897612,0,0,5409077,
20200305,972024,588501,928108,0,0,0,0,4054682,0,0,904333,0,0,0,0,8698461,7152941,964387,0,0,741994,1334667,0,558019,4767596,873879,0,845087,0,842313,6553120,5541361,0,0,1300932,0,0,936973,897995,0,0,5422410,
20200306,973067,590186,930491,0,0,0,0,4058986,0,0,904810,0,0,0,0,8710932,7156484,965069,0,0,745917,1337277,0,559310,4776521,874420,0,846513,0,842963,6557798,5547868,0,0,1305123,0,0,942905,898381,0,0,5435846,
20200307,973862,591746,932731,0,0,0,0,4063206,0,0,905269,0,0,0,0,8721651,7159936,965781,0,0,749958,1339775,0,560563,4785966,875018,0,847857,0,843647,6562041,5554432,0,0,1319420,0,0,947876,898768,0,0,5449949,
20200308,974726,593395,935186,0,0,0,0,4067448,0,0,905677,0,0,0,0,8731593,7163955,966407,0,0,753405,1342400,0,561917,4795321,875647,0,849447,0,844420,6566639,5561118,0,0,1330792,0,0,952025,899169,0,0,5466335,
20200309,975471,597416,937200,0,0,0,0,4071212,0,0,906740,0,0,0,0,8740278,7167756,967018,0,0,763311,1365154,0,563512,4805110,876250,0,851037,0,845171,6570822,5567244,0,0,1338763,0,0,956125,899582,0,0,5479304,
20200310,976364,601255,939197,0,0,0,0,4075155,0,0,907895,0,0,0,0,8749213,7171737,967600,0,0,769631,1385773,0,565206,4814862,876955,0,852804,0,846092,6575317,5573398,0,0,1344856,0,0,959189,899997,0,0,5492226,
20200311,977197,603903,941332,0,0,0,0,4078945,0,0,908872,0,0,0,0,8758154,7175455,968467,0,0,774425,1398794,0,566776,4823877,877504,0,854292,0,846970,6579753,5579265,0,0,1349757,0,0,961867,900725,0,0,5504934,
20200312,978068,605918,943813,0,0,0,0,4082632,0,0,909576,0,0,0,0,8766604,7178920,969119,0,0,778991,1407357,0,568347,4833019,878042,0,855735,0,847734,6583235,5584877,0,0,1354531,0,0,964018,901235,0,0,5516642,
20200313,979113,607751,946812,0,0,0,0,4086664,0,0,910203,0,0,0,0,8775211,7182415,969667,0,0,783717,1414113,0,569808,4842420,878627,0,857185,0,848655,6586749,5590594,0,0,1359499,0,0,965947,901725,0,0,5528481,
20200314,980137,609542,949382,0,0,0,0,4090374,0,0,910750,0,0,0,0,8782750,7185502,970160,849969,0,787749,1419302,0,571120,4852196,879200,0,858573,0,849407,6590176,5595794,0,0,1363744,0,0,968115,902089,0,0,5539594,
20200315,981132,611131,952083,0,0,0,0,4093991,0,0,911408,0,0,0,0,8790093,7188917,970736,864046,0,791526,1423731,0,572652,4860958,879871,0,859965,0,850444,6593443,5601176,0,0,1367868,0,0,970472,902460,0,0,5550719,
20200316,982204,612644,954543,0,0,0,0,4098008,0,0,911973,0,0,0,0,8797522,7192446,971275,872345,0,795162,1427541,0,573952,4870151,880425,0,861391,0,851359,6596669,5606557,0,0,1371826,0,0,972759,902874,0,0,5561761,
20200317,983181,614318,957449,0,0,0,0,4101854,0,0,912466,0,0,0,0,8804814,7195823,971787,882594,0,798952,1431303,0,575001,4881335,881023,0,863179,0,852309,6599823,5613153,0,0,1375686,0,0,974783,903276,0,0,5572944,
20200318,984158,615764,960548,0,0,0,0,4105535,0,0,912961,0,0,0,0,8811840,7198978,972405,892483,0,802914,1434553,0,576099,4891877,881547,0,865012,0,853324,6602901,5619936,0,0,1379569,0,0,979085,903672,0,0,5585009,
20200319,985135,617179,963394,0,0,0,0,4109153,0,0,913368,0,0,0,0,8818518,7201988,973063,901695,0,806890,1437701,0,577153,4900811,882252,0,866776,0,854284,6605931,5626022,0,0,1383075,0,0,985923,903921,0,0,5596599,
20200320,986029,618891,967224,0,0,0,0,4112609,0,0,913957,0,0,0,0,8825294,7208575,973661,911370,0,810599,1440974,0,578358,4909871,883081,0,868612,0,855339,6609065,5631922,0,0,1386463,855876,0,988537,904381,0,0,5607809,
20200321,986745,620353,970376,0,0,0,0,4115962,0,0,914368,0,0,0,0,8831676,7237732,974266,921855,0,814119,1444134,0,579727,4919014,883877,0,870454,0,856288,6612035,5637667,0,0,1390140,856511,0,990635,904793,0,0,5618871,
20200322,987528,621812,973249,0,0,0,0,4119181,879487,0,914769,0,0,0,0,8837960,7255167,974793,925330,0,817552,1447161,0,580972,4927982,884610,0,872166,0,857327,6614917,5643143,0,0,1393713,857186,0,993089,905211,0,0,5629886,
20200323,988363,623194,976021,0,0,0,0,4122437,896053,0,915122,0,0,0,0,8844161,7272098,975343,928817,0,820680,1449807,0,581981,4936968,885309,0,874260,0,858254,6617651,5648880,0,0,1397039,857983,0,995913,905638,0,0,5640354,
20200324,989231,625357,978482,0,0,0,0,4125577,910464,0,915535,0,0,0,0,8850519,7286483,975923,931284,0,823915,1452969,0,583051,4946681,886024,0,876162,0,859038,6620452,5654442,0,0,1400288,858797,0,1005149,905999,0,0,5650589,
20200325,990554,627049,992525,0,0,0,0,4128878,921270,0,915948,0,0,0,0,8857589,7303912,976448,933854,0,827316,1456274,0,584222,4956521,886814,0,877903,0,859951,6623230,5660208,0,0,1403766,859636,0,0,906411,0,0,5661148,
20200326,991874,628821,1002891,0,0,0,0,4132698,938684,0,916364,0,0,0,0,8864885,7434246,977094,938284,0,831357,1459775,0,585493,4970597,888881,0,880763,0,861362,6626284,5666037,0,0,1407240,860519,0,0,906889,0,0,5672264,
20200327,993210,630492,0,0,0,0,0,4136079,955816,0,916931,0,0,0,0,8871705,7511341,977771,942330,0,835216,1462890,0,586645,4982864,890356,0,882950,0,862498,6629504,5671610,0,0,1410361,861397,0,0,907438,0,0,5682331,
20200328,996476,632056,0,0,0,0,0,4139497,972735,0,917330,0,0,0,0,8879752,7873738,978922,945483,0,839234,1466116,0,588055,5006997,894496,0,885530,0,864392,6633203,5677035,0,0,1413366,862282,0,0,908263,0,0,5692705,
20200329,998315,633725,0,0,0,0,0,4142976,988139,0,917732,0,0,0,0,8888088,8118615,979974,948137,0,842693,1469123,0,589697,5025750,897170,0,887841,0,865886,6637490,5682001,0,0,1416277,862988,0,0,908933,0,0,5702496,
20200330,1002041,635039,0,0,0,0,0,4146226,1014265,0,918098,0,0,0,0,8896324,8228384,980939,950411,0,845837,1471801,0,591158,5040564,898980,0,889944,0,867409,6640974,5687106,0,0,1419284,863773,0,0,909387,0,0,5712157,
20200331,1003118,636741,0,0,0,0,0,4150054,1044823,0,918515,0,0,0,0,8904958,8307268,981709,952166,0,849088,1474854,0,592458,5053944,900419,0,892456,0,868779,6645071,5693874,0,0,1422171,864641,0,0,909790,0,0,5721801,
20200401,1003828,646178,0,0,0,0,0,4153827,1059077,0,921324,0,0,0,0,8913115,8375605,982366,953859,0,852895,1486553,0,593914,5065721,901677,0,894927,0,870174,6648805,5699890,0,0,1425325,865410,0,0,910190,0,0,5731869,
20200402,1004426,656683,0,0,0,0,0,4157531,1068668,0,924909,0,0,0,0,8921137,8426099,982993,955656,0,856690,1499535,0,595276,5076360,902755,0,897114,0,871352,6652259,5705626,0,578778,1428409,866196,0,0,910613,0,0,5742562,
20200403,0,665031,0,0,0,0,0,4161267,0,0,927938,0,0,0,0,8928189,8463922,983506,956612,0,860574,1510108,0,596525,5086409,903691,0,899068,0,872338,6655406,5711435,0,743294,1431200,866972,0,0,911015,0,0,5753245,
20200404,0,672136,0,0,0,0,0,4168643,0,0,930868,0,0,0,0,8940120,8509404,984182,957842,0,864719,1520029,0,598452,5101640,905181,0,901395,0,873653,6660275,5721523,0,845963,1436319,867884,0,0,911492,0,0,5771637,
20200405,0,677765,0,0,0,0,0,4172392,0,0,932795,0,0,0,0,8947936,8543175,984788,958528,0,868034,1527273,0,599858,5112024,906203,0,903449,0,874728,6663577,5727538,0,928419,1439188,868514,0,0,911928,0,0,5781954,
20200406,0,682342,0,0,0,0,0,4175639,0,0,934753,0,0,0,633266,8954741,8573090,985409,959692,0,870970,1533763,0,601245,5123609,907827,0,905556,0,876046,6666674,5732450,0,1004946,1441803,869296,0,0,912294,0,0,5790901,
20200407,0,686044,0,0,0,0,0,4178574,0,1242271,936703,0,0,0,0,8961086,8596539,986017,960707,0,873634,1539201,0,602500,5134935,909440,0,907761,0,877532,6669525,5737225,0,1056379,1444077,870059,0,0,912795,0,0,5798979,
20200408,0,689876,0,0,0,0,0,4181548,0,1613235,938193,0,594032,0,0,8967662,8618755,986626,961486,0,876245,1544994,0,603862,5148084,911893,0,910558,0,879333,6672393,5742015,0,1116102,1446394,870969,0,0,913313,0,0,5807453,
20200409,0,692853,0,0,0,0,0,4184339,0,1820090,939351,0,635594,0,0,8974449,8636974,987261,962149,0,878760,1549937,0,605010,5158547,913394,0,912866,0,881247,6675116,5746550,0,1156806,1448748,871820,0,0,913757,0,0,5815706,
20200410,0,695696,0,0,0,0,0,4187055,0,1967265,940610,0,657724,0,0,8981221,8653110,987813,963526,0,881514,1554376,0,606127,5168362,914566,0,915257,0,883028,6677899,5751370,0,1190941,1451020,872703,0,0,914126,0,0,5823950,
20200411,0,698734,0,0,0,0,0,4190042,0,2082451,941781,0,680256,0,0,8990996,8671494,988441,964815,0,884576,1559552,0,612071,5178523,915524,0,917665,0,885566,6680909,5756521,0,1227770,1453517,873439,0,0,914463,0,0,5832711,
20200412,0,701367,0,0,0,0,0,4192958,0,2181939,942942,0,692294,0,0,9002398,8687153,989162,965928,0,887947,1563628,0,615526,5188015,916388,0,920465,0,888378,6684051,5761347,0,1255976,1456219,874404,0,0,914794,0,0,5841329,
20200413,0,703482,0,0,0,0,0,4195675,0,2245778,943792,0,700359,0,0,9009382,8699496,989862,966774,0,890795,1567086,0,617808,5196331,917134,0,922505,0,890024,6686830,5766051,0,1276669,1458620,875016,0,0,915084,0,0,5848878,
20200414,0,705468,0,0,0,0,0,4198629,0,2298448,944620,0,707657,0,0,9016524,8717140,990543,967507,0,893548,1570617,0,619456,5205605,917885,0,924391,0,891375,6689879,5770688,0,1295513,1460971,875777,0,0,915403,0,0,5856930,
20200415,0,707202,0,0,0,0,0,4201316,0,2349605,945249,0,713179,0,0,9023046,8731669,991447,968139,0,896241,1573641,0,620755,5214027,918587,0,926278,0,892743,6692564,5774979,0,1311906,1463087,876495,0,0,915648,0,0,5864149,
20200416,0,709082,0,0,0,0,0,4204053,0,2387969,945890,0,718081,0,0,9029629,8747130,992223,968859,0,899030,1576637,0,622062,5224225,919290,0,928267,0,894061,6695403,5779309,0,1329506,1465341,877168,0,0,915978,0,0,5871761,
20200417,0,710959,0,0,0,0,0,4206726,0,2420725,946545,0,722812,0,0,9036238,8760951,992908,969449,0,902061,1579704,0,623194,5232373,919908,0,930159,0,895233,6698024,5783590,0,1346941,1467411,877880,0,0,916306,0,0,5879079,
20200418,0,713031,0,0,0,0,0,4209516,0,2454771,947289,0,729086,0,0,9043243,8773572,993572,970167,0,905307,1583146,0,624279,5240527,920543,0,932484,0,896325,6701058,5788277,0,1366376,1469623,878508,0,0,916558,0,0,5886683,
20200419,0,715090,0,0,0,0,0,4212455,0,2488073,948011,0,738402,0,0,9049824,8785858,994233,970977,0,908784,1586649,0,625605,5248709,921208,0,934453,0,897423,6704112,5793176,0,1386350,1472051,879064,0,0,916808,0,0,5894505,
20200420,0,716657,0,0,0,0,0,4214895,0,2512741,948518,0,746517,0,0,9055425,8797973,994936,971675,0,911660,1589378,0,626529,5256138,921853,0,935961,0,898428,6706640,5797377,0,1401772,1474098,879685,0,0,917044,0,0,5901485,
20200421,0,718117,0,0,0,0,0,4217378,0,2573932,949016,0,757638,0,0,9061629,8817254,995847,972234,0,914553,1592058,0,627402,5264658,922548,0,937649,0,899510,6709216,5801782,0,1417400,1476043,880271,0,0,917289,0,0,5908712,
20200422,0,719620,0,0,0,0,0,4219877,0,2748068,949576,0,766975,0,0,9067720,8832674,996761,972684,0,917279,1594902,0,628247,5274148,923406,0,939530,0,900852,6712046,5806441,0,1433362,1478128,880884,0,0,917502,0,0,5916302,
20200423,0,721067,0,0,0,0,0,4222384,0,2850517,950125,0,773744,0,0,9074006,8844292,1008374,973131,0,919908,1597824,0,628998,5285973,924133,404467,941682,0,902007,6714527,5810593,0,1448250,1480080,881393,0,0,917728,0,0,5923499,
20200424,0,722607,0,0,0,0,0,4224869,0,2974118,950784,0,781749,0,0,9080080,8854755,0,973572,0,922829,1600964,0,629838,5296881,924897,638382,943632,0,903202,6717128,5814842,0,1465363,1482079,881865,0,0,917968,0,0,5931038,
20200425,0,724262,0,0,0,0,0,4227670,0,3050178,951391,0,791404,0,0,9086254,8866003,0,974057,0,925861,1604142,846750,630701,5306539,925532,752359,945728,0,904146,6719884,5819279,848519,1483283,1484271,882340,0,0,918200,0,0,5939010,
20200426,0,725613,0,0,0,0,0,4230050,0,3097540,951849,0,796875,0,0,9091431,8875770,0,974381,0,928609,1606758,847624,631560,5314216,926110,793725,947411,0,904906,6722182,5823182,849140,1497625,1486016,882873,0,0,918387,0,0,5946012,
20200427,0,726852,0,0,0,0,0,4232471,0,3139203,952307,0,801385,845058,0,9096696,8887688,0,974675,0,931249,1609645,848384,632280,5321023,926723,824384,948945,0,905694,6724477,5827098,849793,1510235,1487658,883262,0,0,918572,0,0,5952595,
20200428,0,728158,0,0,0,0,0,4234888,0,3208258,952758,0,805890,853506,0,9102250,8897844,0,974988,0,934010,1612079,849275,633044,5328000,927328,865425,950516,0,906477,6727036,5831136,850468,1522905,1489353,883658,0,0,918792,0,0,5959337,
